    {"success":true,
    "code":"SUCCESS",
    "data":{"from":1514745000000,"to":1522175400000,
            "transactionData":[{"name":"Recharge & bill payments",
        "paymentInstruments":[{"type":"TOTAL","count":4200,"amount":1845307.4673655091}]},
        
        {"name":"Peer-to-peer payments",
        "paymentInstruments":[{"type":"TOTAL","count":1871,"amount":1.2138655299749982E7}]},
        
        {"name":"Merchant payments",
        "paymentInstruments":[{"type":"TOTAL","count":298,"amount":452507.168646613}]},
        
        {"name":"Financial Services",
        "paymentInstruments":[{"type":"TOTAL","count":33,"amount":10601.419933464953}]},
        
        {"name":"Others",
        "paymentInstruments":[{"type":"TOTAL","count":256,"amount":184689.8662902223}]}]},
        
        "responseTimestamp":1630501487199}